Origin TLC,Station Name,12-13 Entries Exits TotalABW,Abbey Wood,3175430ABE,Aber,209622ACY,Abercynon,243948ABA,Aberdare,552436ABD,Aberdeen,3338072AUR,Aberdour,124298AVY,Aberdovey,33612ABH,Abererch,1214AGV,Abergavenny,379396AGL,Abergele & Pensarn,81476AYW,Aberystwyth,322562ACR,Accrington,363546AAT,Achanalt,164ACN,Achnasheen,3566ACH,Achnashellach,1054ACK,Acklington,184ACL,Acle,52356ACG,Acocks Green,388592ACB,Acton Bridge,15732ACC,Acton Central,2238244AML,Acton Main Line,383980ADD,Adderley Park,54378ADW,Addiewell,23268ASN,Addlestone,371196ADM,Adisham,28388ADC,Adlington (Cheshire),20252ADL,Adlington (Lancashire),109400AWK,Adwick,248084AIG,Aigburth,614374ANS,Ainsdale,899420AIN,Aintree,1078704AIR,Airbles,113582ADR,Airdrie,1154032AYP,Albany Park,945350ALB,Albrighton,87842ALD,Alderley Edge,219660AMT,Aldermaston,68218AHT,Aldershot,1448130AGT,Aldrington,214852AAP,Alexandra Palace,1197166AXP,Alexandra Parade,193932ALX,Alexandria,357744ALF,Alfreton,224866ALW,Allen's West,62030ALO,Alloa,380864ASS,Alness,28384ALM,Alnmouth,257702ALR,Alresford,57342ASG,Alsager,87974ALN,Althorne,38346ALP,Althorpe,8476ABC,Altnabreac,296AON,Alton,720584ALT,Altrincham,479878ALV,Alvechurch,151628AMB,Ambergate,38444AMY,Amberley,60674AMR,Amersham,2035452AMF,Ammanford,20412ANC,Ancaster,7408AND,Anderston,630822ADV,Andover,1123736ANY,Anerley,688280AGR,Angel Road,63040ANG,Angmering,864926ANN,Annan,127502ANL,Anniesland,1145740AFV,Ansdell & Fairhaven,59344APP,Appleby,60992APD,Appledore,36908APF,Appleford,9368APB,Appley Bridge,241314APS,Apsley,447908ARB,Arbroath,388320ARD,Ardgay,8108AUI,Ardlui,2216ADS,Ardrossan Harbour,116440ASB,Ardrossan South Beach,241502ADN,Ardrossan Town,21048ADK,Ardwick,616AGS,Argyle Street,1336662ARG,Arisaig,7390ARL,Arlesey,535054ARM,Armadale,141076AWT,Armathwaite,9194ARN,Arnside,110032ARR,Arram,2496ART,Arrochar & Tarbet,9232ARU,Arundel,291114ACT,Ascot,1143716AUW,Ascott-Under-Wychwood,2484ASH,Ash,283620AHV,Ash Vale,452824ABY,Ashburys,83264ASC,Ashchurch,76386ASF,Ashfield,76390AFS,Ashford (Middlesex),963786AFK,Ashford International,3329948ASY,Ashley,7174AHD,Ashtead,1205956AHN,Ashton-Under-Lyne,492472AHS,Ashurst,24976ANF,Ashurst New Forest,109842AWM,Ashwell & Morden,119042ASK,Askam,64862ALK,Aslockton,15704ASP,Aspatria,29472APG,Aspley Guise,11246AST,Aston,437680ATH,Atherstone,83342ATN,Atherton,448934ATT,Attadale,658ATB,Attenborough,89938ATL,Attleborough,157792AUK,Auchinleck,57124AUD,Audley End,810540AUG,Aughton Park,78136AVM,Aviemore,136456AVF,Avoncliff,16404AVN,Avonmouth,97880AXM,Axminster,345560AYS,Aylesbury,1068894AVP,Aylesbury Vale Parkway,81696AYL,Aylesford,107356AYH,Aylesham,68472AYR,Ayr,1539552BAC,Bache,187208BAJ,Baglan,20828BAG,Bagshot,153586BLD,Baildon,208456BIO,Baillieston,114694BAB,Balcombe,124448BDK,Baldock,535106BAL,Balham,6784734BHC,Balloch,559570BSI,Balmossie,1078BMB,Bamber Bridge,84876BAM,Bamford,27044BNV,Banavie,6542BAN,Banbury,2055032BNG,Bangor (Gwynedd),680102BAH,Bank Hall,160480BAD,Banstead,135180BSS,Barassie,147896BLL,Bardon Mill,9050BAR,Bare Lane,138054BGI,Bargeddie,98344BGD,Bargoed,195912BKG,Barking,8072356BMG,Barming,124318BRM,Barmouth,167324BNH,Barnehurst,1599146BNS,Barnes,2022944BNI,Barnes Bridge,681764BTB,Barnetby,64904BAA,Barnham,995652BNL,Barnhill,63900BNY,Barnsley,1463576BNP,Barnstaple,382186BTG,Barnt Green,249310BRR,Barrhead,669082BRL,Barrhill,5712BAV,Barrow Haven,1744BIF,Barrow-In-Furness,604356BWS,Barrow-Upon-Soar,79664BRY,Barry,526808BYD,Barry Docks,191272BYI,Barry Island,592354BYL,Barry Links,52BAU,Barton-On-Humber,45114BSO,Basildon,2667746BSK,Basingstoke,5261426BBL,Bat & Ball,74214BTH,Bath Spa,5757880BHG,Bathgate,973872BTL,Batley,263850BTT,Battersby,1574BAK,Battersea Park,2325476BAT,Battle,464970BLB,Battlesbridge,13278BAY,Bayford,37596BCF,Beaconsfield,1440418BER,Bearley,670BRN,Bearsden,570742BSD,Bearsted,396034BSL,Beasdale,410BEU,Beaulieu Road,10094BEL,Beauly,55236BEB,Bebington,1137982BCC,Beccles,85040BEC,Beckenham Hill,286772BKJ,Beckenham Junction,2677450BDM,Bedford Midland,3303270.174BSJ,Bedford St.Johns,154975.8257BDH,Bedhampton,171554BMT,Bedminster,80262BEH,Bedworth,61598BDW,Bedwyn,119352BEE,Beeston,546180BKS,Bekesbourne,32966BLV,Belle Vue,18350BLG,Bellgrove,530798BGM,Bellingham,656868BLH,Bellshill,716316BLM,Belmont,150572BLP,Belper,177420BEG,Beltring,13152BVD,Belvedere,732510BEM,Bempton,10080BEY,Ben Rhydding,196524BEF,Benfleet,3505946BEN,Bentham,24602BTY,Bentley,137916BYK,Bentley (S. Yorks),156884BAS,Bere Alston,42128BFE,Bere Ferrers,15724BKM,Berkhamsted,1604674BKW,Berkswell,239172BYA,Berney Arms,1054BBW,Berry Brow,25978BRS,Berrylands,378024BRK,Berwick (Sussex),77914BWK,Berwick-Upon-Tweed,501670BES,Bescar Lane,3982BSC,Bescot Stadium,128946BTO,Betchworth,21868BET,Bethnal Green,708792BYC,Betws-y-Coed,34402BEV,Beverley,594636BEX,Bexhill,1622548BXY,Bexley,1215340BXH,Bexleyheath,2981984BCS,Bicester North,1462954BIT,Bicester Town,214416BKL,Bickley,814474BID,Bidston,264780BIW,Biggleswade,819356BBK,Bilbrook,119124BIC,Billericay,2942476BIL,Billingham,68720BIG,Billingshurst,464588BIN,Bingham,36682BIY,Bingley,1153256BCG,Birchgrove,19214BCH,Birchington-On-Sea,269146BWD,Birchwood,549578BIK,Birkbeck,86360BDL,Birkdale,702168BKC,Birkenhead Central,948380BKQ,Birkenhead Hamilton Square,2363224BKN,Birkenhead North,842260BKP,Birkenhead Park,1056164BBS,Birmingham Bordesley,12592BHI,Birmingham International,4523404BMO,Birmingham Moor Street,6101444BHM,Birmingham New Street,32090346BSW,Birmingham Snow Hill,4402376BIA,Bishop Auckland,101974BBG,Bishopbriggs,806934BIS,Bishops Stortford,2820376BIP,Bishopstone,31852BPT,Bishopton,508308BTE,Bitterne,96668BBN,Blackburn,1384360BFR,Blackfriars,13022242BKH,Blackheath,2929406BHO,Blackhorse Road,828002BPN,Blackpool North,1683010BPB,Blackpool Pleasure Beach,85914BPS,Blackpool South,132356BKR,Blackridge,42646BLK,Blackrod,573782BAW,Blackwater,477706BFF,Blaenau Ffestiniog,44638BLA,Blair Atholl,14280BAI,Blairhill,562228BKT,Blake Street,306770BKD,Blakedown,83008BLT,Blantyre,560532BLO,Blaydon,2770BSB,Bleasby,4920BLY,Bletchley,881064BLX,Bloxwich,41808BWN,Bloxwich North,44464BLN,Blundellsands & Crosby,1532170BYB,Blythe Bridge,60632BOD,Bodmin Parkway,238616BOR,Bodorgan,7736BOG,Bognor Regis,1237174BGS,Bogston,29902BON,Bolton,3583392BTD,Bolton-On-Dearne,64888BKA,Bookham,307088BOC,Bootle (Cumbria),13312BNW,Bootle New Strand,842682BOT,Bootle Oriel Road,475814BRG,Borough Green & Wrotham,424560BRH,Borth,55848BOH,Bosham,109986BSN,Boston,213034BOE,Botley,142846BTF,Bottesford,50820BNE,Bourne End,249672BMH,Bournemouth,2505754BRV,Bournville,976424BWB,Bow Brickhill,34116BOP,Bowes Park,957914BWG,Bowling,33948BXW,Boxhill & Westhumble,103962BCE,Bracknell,2050564BDQ,Bradford Forster Square,2043728BDI,Bradford Interchange,3004718BOA,Bradford-On-Avon,482196BDN,Brading,60540BTR,Braintree,814944BTP,Braintree Freeport,59530BML,Bramhall,265718BMY,Bramley (Hampshire),256238BLE,Bramley (West Yorkshire),299482BMP,Brampton (Cumbria),14722BRP,Brampton (Suffolk),6628BCN,Branchton,108114BND,Brandon,101396BSM,Branksome,242610BYS,Braystones,1046BDY,Bredbury,215162BRC,Breich,102BFD,Brentford,1440306BRE,Brentwood,2701998BWO,Bricket Wood,46298BEA,Bridge Of Allan,248216BRO,Bridge Of Orchy,5726BGN,Bridgend,1547098BDG,Bridgeton,617186BWT,Bridgwater,286352BDT,Bridlington,411826BRF,Brierfield,35366BGG,Brigg,794BGH,Brighouse,349036BTN,Brighton,16187024BMD,Brimsdown,598966BNT,Brinnington,75816BPW,Bristol Parkway,2255298BRI,Bristol Temple Meads,9099368BHD,Brithdir,11066RBS,British Steel Redcar,890BNF,Briton Ferry,30798BRX,Brixton,896848BGE,Broad Green,633378BDB,Broadbottom,149250BSR,Broadstairs,556450BCU,Brockenhurst,1145402BHS,Brockholes,49460BCY,Brockley,3622110BOM,Bromborough,823694BMR,Bromborough Rake,385890BMC,Bromley Cross,381002BMN,Bromley North,635062BMS,Bromley South,6013790BMV,Bromsgrove,539826BSY,Brondesbury,2247222BSP,Brondesbury Park,1379112BPK,Brookman's Park,220568BKO,Brookwood,940704BME,Broome,1620BMF,Broomfleet,1608BRA,Brora,5556BUH,Brough,356454BYF,Broughty Ferry,23180BXB,Broxbourne,1605960BCV,Bruce Grove,473466BDA,Brundall,94554BGA,Brundall Gardens,12144BSU,Brunstane,144182BRW,Brunswick,908670BRU,Bruton,30078BYN,Bryn,172428BUC,Buckenham,72BCK,Buckley,52100BUK,Bucknell,5478BSV,Buckshaw Parkway,225250BGL,Bugle,6762BHR,Builth Road,9526BLW,Bulwell,54060BUE,Bures,57632BUG,Burgess Hill,1745474BUY,Burley Park,557234BUW,Burley-In-Wharfedale,424584BNA,Burnage,218292BUD,Burneside,17434BNM,Burnham,1160278BUU,Burnham-On-Crouch,256628BUB,Burnley Barracks,18580BNC,Burnley Central,140308BYM,Burnley Manchester Road,247488BUI,Burnside,318628BTS,Burntisland,194210BCB,Burscough Bridge,210842BCJ,Burscough Junction,36464BUO,Bursledon,59614BUJ,Burton Joyce,6928BUT,Burton-On-Trent,700996BSE,Bury St.Edmunds,566110BUS,Busby,154836BHK,Bush Hill Park,713604BSH,Bushey,1059704BUL,Butlers Lane,186450BPC,Butlins Penychain,3252BXD,Buxted,175624BUX,Buxton,289182BFN,Byfleet & New Haw,407454BYE,Bynea,1490CAD,Cadoxton,272522CGW,Caergwrle,24264CPH,Caerphilly,691516CWS,Caersws,46486CAC,Caldercruix,92996CDT,Caldicot,87750CIR,Caledonian Road & Barnsbury,1273854CSK,Calstock,30346CDU,Cam & Dursley,166870CAM,Camberley,466450CBN,Camborne,279898CBG,Cambridge,9168938CBH,Cambridge Heath,296692CBL,Cambuslang,777400CMD,Camden Road,3810066CMO,Camelon,110860CAW,Canada Water,6499764CNL,Canley,221212CAO,Cannock,246014CST,Cannon Street,20020054CNN,Canonbury,2317888CBE,Canterbury East,1043578CBW,Canterbury West,2121098CNY,Cantley,18008CPU,Capenhurst,108088CBB,Carbis Bay,198734CDD,Cardenden,60778CDB,Cardiff Bay,869126CDF,Cardiff Central,11637744CDQ,Cardiff Queen Street,2495238CDO,Cardonald,172842CDR,Cardross,227026CRF,Carfin,99378CAK,Cark & Cartmel,60588CAR,Carlisle,1770286CTO,Carlton,21410CLU,Carluke,345766CMN,Carmarthen,434220CML,Carmyle,143276CNF,Carnforth,196470CAN,Carnoustie,107758CAY,Carntyne,268616CPK,Carpenders Park,824156CAG,Carrbridge,4454CSH,Carshalton,1276752CSB,Carshalton Beeches,899718CRS,Carstairs,20610CDY,Cartsdyke,114002CBP,Castle Bar Park,144182CLC,Castle Cary,233992CFD,Castleford,537898CAS,Castleton,150108CSM,Castleton Moor,4850CAT,Caterham,1028288CTF,Catford,944090CFB,Catford Bridge,1896018CYS,Cathays,772586CCT,Cathcart,533628CTL,Cattal,55780CAU,Causeland,2544CYB,Cefn-Y-Bedd,9372CTH,Chadwell Heath,2346218CFH,Chafford Hundred,2085674CFO,Chalfont & Latimer,702438CHW,Chalkwell,1586516CFR,Chandlers Ford,238502CEF,Chapel-En-Le-Frith,43170CPN,Chapelton,258CLN,Chapeltown,323068CWC,Chappel & Wakes Colne,41642CHG,Charing,77416CHX,Charing Cross,38607238CHC,Charing Cross (Glasgow),2026602CBY,Charlbury,271738CTN,Charlton,1683442CRT,Chartham,64948CSR,Chassen Road,37474CTE,Chatelherault,62526CTM,Chatham,2742960CHT,Chathill,2794CHU,Cheadle Hulme,716944CHE,Cheam,1071236CED,Cheddington,73378CEL,Chelford,32804CHM,Chelmsford,8002126CLD,Chelsfield,924494CNM,Cheltenham Spa,1891974CPW,Chepstow,208316CYT,Cherry Tree,42250CHY,Chertsey,613244CHN,Cheshunt,1915362CSN,Chessington North,580448CSS,Chessington South,493008CTR,Chester,3011202CRD,Chester Road,763286CHD,Chesterfield,1498814CLS,Chester-Le-Street,174968CSW,Chestfield & Swalecliffe,127408CNO,Chetnole,2358CCH,Chichester,3236004CIL,Chilham,37322CHL,Chilworth,21016CHI,Chingford,1492560CLY,Chinley,104764CPM,Chippenham,1746840CHP,Chipstead,156026CRK,Chirk,72116CIT,Chislehurst,1128300CHK,Chiswick,971802CHO,Cholsey,221286CRL,Chorley,841912CLW,Chorleywood,632460CHR,Christchurch,449562CHH,Christ's Hospital,163832CTW,Church & Oswaldtwistle,40460CHF,Church Fenton,72370CTT,Church Stretton,125604CIM,Cilmeri,1776CTK,City Thameslink,5540830CLT,Clacton,743038CLA,Clandon,187258CPY,Clapham (North Yorkshire),7624CLP,Clapham High Street,461490CLJ,Clapham Junction,23622718CPT,Clapton,1381710CLR,Clarbeston Road,9146CKS,Clarkston,559478CLV,Claverdon,2300CLG,Claygate,650126CLE,Cleethorpes,239802CEA,Cleland,96458CLI,Clifton,334CFN,Clifton Down,522010CLH,Clitheroe,351822CLK,Clock House,1100068CUW,Clunderwen,24196CYK,Clydebank,398708CBC,Coatbridge Central,57524CBS,Coatbridge Sunnyside,648568COA,Coatdyke,331880CSD,Cobham & Stoke D'abernon,599600CSL,Codsall,115528CGN,Cogan,260766COL,Colchester,4291054.7CET,Colchester Town,743017.3002CEH,Coleshill Parkway,192242CLM,Collingham,54598CLL,Collington,204392CNE,Colne,92146CWL,Colwall,63374CWB,Colwyn Bay,309774CME,Combe,2112COM,Commondale,4852CNG,Congleton,278660CNS,Conisbrough,85972CON,Connel Ferry,4004CBD,Conon Bridge,3788CEY,Cononley,155148CNP,Conway Park,1591048CNW,Conwy,38412COB,Cooden Beach,121900COO,Cookham,209972CBR,Cooksbridge,44232COE,Coombe,48COP,Copplestone,10990CRB,Corbridge,72344COR,Corby,232792CKH,Corkerhill Glasgow,233544CKL,Corkickle,30066CPA,Corpach,2774CRR,Corrour,12058COY,Coryton,289832CSY,Coseley,360658COS,Cosford,66556CSA,Cosham,945188CGM,Cottingham,215244COT,Cottingley,95770CDS,Coulsdon South,1706606CDN,Coulsdon Town,286906COV,Coventry,5640652CWN,Cowden,53444COW,Cowdenbeath,157612CRA,Cradley Heath,684806CGD,Craigendoran,193958CRM,Cramlington,89858CRV,Craven Arms,99834CRW,Crawley,2024088CRY,Crayford,1517576CDI,Crediton,43016CES,Cressing,29838CSG,Cressington,386376CWD,Creswell (Derbys),41702CRE,Crewe,2443714CKN,Crewkerne,123410CWH,Crews Hill,203854CNR,Crianlarich,15276CCC,Criccieth,23328CRI,Cricklewood,1080312CFF,Croftfoot,196202CFT,Crofton Park,593566CMR,Cromer,194444CMF,Cromford,32444CKT,Crookston Glasgow,127206CRG,Cross Gates,454376CFL,Crossflatts,428744COI,Crosshill,290148CKY,Crosskeys,117012CMY,Crossmyloof,573612CSO,Croston,46306CRH,Crouch Hill,636424COH,Crowborough,406254CWU,Crowhurst,39302CWE,Crowle,29264CRN,Crowthorne,292840CRO,Croy,1184354CYP,Crystal Palace,2201664CUD,Cuddington,61718CUF,Cuffley,669718CUM,Culham,51652CUA,Culrain,474CUB,Cumbernauld,221044CUP,Cupar,190820CUH,Curriehill,63912CUX,Cuxton,45140CMH,Cwmbach,20470CWM,Cwmbran,336162CYN,Cynghordy,1752DDK,Dagenham Dock,333304DSY,Daisy Hill,279782DAG,Dalgety Bay,268420DAL,Dalmally,4534DAK,Dalmarnock,21506DAM,Dalmeny,394696DMR,Dalmuir,805254DLR,Dalreoch,318230DLY,Dalry,176116DLS,Dalston,24836DLK,Dalston (Kingsland),5182058DLJ,Dalston Junction,2759676DLT,Dalton,52636DLW,Dalwhinnie,2172DNY,Danby,9902DCT,Danescourt,70308DZY,Danzey,7060DAR,Darlington,2179326DAN,Darnall,12394DSM,Darsham,47676DFD,Dartford,3022354DRT,Darton,202480DWN,Darwen,309510DAT,Datchet,334320DVN,Davenport,242676DWL,Dawlish,507058DWW,Dawlish Warren,145712DEA,Deal,509218DEN,Dean,24616DGT,Deansgate,350568.3609DPD,Deepdene,454909.1808DGY,Deganwy,11174DHN,Deighton,93022DLM,Delamere,39400DBD,Denby Dale,177036DNM,Denham,304310DGC,Denham Golf Club,22188DMK,Denmark Hill,3935776DNT,Dent,10440DTN,Denton,194DEP,Deptford,1042966DBY,Derby,3366290DBR,Derby Road,45720DPT,Devonport,29878DEW,Dewsbury,1603702DID,Didcot Parkway,2857480DIG,Digby and Sowton,742622DMH,Dilton Marsh,16796DMG,Dinas (Mid Glamorgan),62450DNS,Dinas Powys,84524DGL,Dingle Road,30490DIN,Dingwall,104746DND,Dinsdale,32670DTG,Dinting,134220DSL,Disley,176258DIS,Diss,646158DOC,Dockyard,7400DOD,Dodworth,35332DOL,Dolau,1520DLH,Doleham,28102DLG,Dolgarrog,508DWD,Dolwyddelan,5506DON,Doncaster,3835332DCH,Dorchester South,469294.3045DCW,Dorchester West,130837.6955DOR,Dore,122764DKG,Dorking,1234006.513DKT,Dorking West,55774.30569DMS,Dormans,106350DDG,Dorridge,612160DVH,Dove Holes,5874DVP,Dover Priory,904970DVC,Dovercourt,145740DVY,Dovey Junction,1694DOW,Downham Market,452674DRG,Drayton Green,123038DYP,Drayton Park,552840DRM,Drem,113556DRF,Driffield,251700DRI,Drigg,12592DTW,Droitwich Spa,518386DRO,Dronfield,160130DMC,Drumchapel,405038DFR,Drumfrochar,60022DRU,Drumgelloch,307202DMY,Drumry,257370DUD,Duddeston,181674DDP,Dudley Port,367402DFI,Duffield,55370DRN,Duirinish,804DST,Duke Street,104156DUL,Dullingham,31596DBC,Dumbarton Central,755530DBE,Dumbarton East,377242DUM,Dumbreck,117190DMF,Dumfries,366400DMP,Dumpton Park,28198DUN,Dunbar,374216DBL,Dunblane,504058DBG,Dunbridge,25986DCG,Duncraig,784DEE,Dundee,1690486DFL,Dunfermline,580750DFE,Dunfermline Queen Margaret,206120DKD,Dunkeld & Birnam,27862DNL,Dunlop,102832DNO,Dunrobin Castle,628DOT,Dunston,2164DNG,Dunton Green,131742DHM,Durham,2273710DUR,Durrington-On-Sea,717172DYC,Dyce,759898DYF,Dyffryn Ardudwy,21156EAG,Eaglescliffe,149074EAL,Ealing Broadway,5333888ERL,Earlestown,423842EAR,Earley,574836EAD,Earlsfield,5696028ELD,Earlswood (Surrey),451950EWD,Earlswood (West Midlands),31768ECR,East Croydon,20965248EDY,East Didsbury,338566EDW,East Dulwich,2104766EFL,East Farleigh,29794EGF,East Garforth,214252EGR,East Grinstead,1467848EKL,East Kilbride,988832EML,East Malling,95462EMD,East Midlands Parkway,283756ETL,East Tilbury,306574EWR,East Worthing,339174EBN,Eastbourne,3588880EBK,Eastbrook,165336EST,Easterhouse,452286ERA,Eastham Rake,469566ESL,Eastleigh,1532168EGN,Eastrington,1446EBD,Ebbsfleet International,1175766EBV,Ebbw Vale Parkway,254956ECC,Eccles,147582ECS,Eccles Road,1930ECL,Eccleston Park,157062EDL,Edale,66842EDN,Eden Park,525590EBR,Edenbridge,174108EBT,Edenbridge Town,342118EDG,Edge Hill,142750EDB,Edinburgh,18879684EDP,Edinburgh Park,816748EDR,Edmonton Green,2376776EFF,Effingham Junction,303320EGG,Eggesford,30062EGH,Egham,2096452EGT,Egton,7388EPH,Elephant & Castle,2701582ELG,Elgin,322324ELP,Ellesmere Port,238710ELE,Elmers End,1063026ESD,Elmstead Woods,1260006ESW,Elmswell,79482ELR,Elsecar,126122ESM,Elsenham,172546ELS,Elstree & Borehamwood,3234460ELW,Eltham,2258322ELO,Elton & Orston,72ELY,Ely,1878426EMP,Emerson Park,113904EMS,Emsworth,394830ENC,Enfield Chase,1289998ENL,Enfield Lock,1043854ENF,Enfield Town,1604816ENT,Entwistle,15498EPS,Epsom,3740752EPD,Epsom Downs,83370ERD,Erdington,796846ERI,Eridge,135918ERH,Erith,752258ESH,Esher,1104584EXR,Essex Road,521464ETC,Etchingham,218552EUS,Euston,38299206EBA,Euxton Balshaw Lane,58158EVE,Evesham,258190EWE,Ewell East,461768EWW,Ewell West,1216888EXC,Exeter Central,1871514EXD,Exeter St. David's,2401276EXT,Exeter St. Thomas,196198EXG,Exhibition Centre Glasgow,1369444EXM,Exmouth,872396EXN,Exton,19458EYN,Eynsford,148262FRB,Fairbourne,44130FRF,Fairfield,23690FRL,Fairlie,41810FRW,Fairwater,39942FCN,Falconwood,1055696FKG,Falkirk Grahamston,508850FKK,Falkirk High,963810FOC,Falls Of Cruachan,244FMR,Falmer,1250322FAL,Falmouth Docks,103542FMT,Falmouth Town,204810FAM,Fambridge,80330FRM,Fareham,1666232FNB,Farnborough (Main),2859700.387FNN,Farnborough North,618299.6132FNC,Farncombe,847234FNH,Farnham,1593474FNR,Farningham Road,189518FNW,Farnworth,43740FAR,Farringdon,5040844FLD,Fauldhouse,42350FAV,Faversham,1444478FGT,Faygate,13204FAZ,Fazakerley,789698FRN,Fearn,7226FEA,Featherstone,81452FLX,Felixstowe,210762FEL,Feltham,3882124FST,Fenchurch Street,16842654FNT,Feniton,66958FEN,Fenny Stratford,21268FER,Fernhill,23948FRY,Ferriby,50364FYS,Ferryside,20706FFA,Ffairfach,2568FIL,Filey,120860FIT,Filton Abbey Wood,852250FNY,Finchley Road & Frognal,1718596FPK,Finsbury Park,6430270FIN,Finstock,1970FSB,Fishbourne,74880FSG,Fishersgate,113128FGW,Fishguard & Goodwick,12072FGH,Fishguard Harbour,35520FSK,Fiskerton,13966FZW,Fitzwilliam,229610FWY,Five Ways,1350282FLE,Fleet,1768336FLM,Flimby,14238FLN,Flint,270682FLT,Flitwick,1319110FLI,Flixton,82834FLF,Flowery Field,197450FKC,Folkestone Central,1037570FKW,Folkestone West,315972FOD,Ford,121384FOG,Forest Gate,2403326FOH,Forest Hill,4487196FBY,Formby,1401584FOR,Forres,118288FRS,Forsinard,2088FTM,Fort Matilda,124092FTW,Fort William,135556FOK,Four Oaks,585186FOX,Foxfield,27064FXN,Foxton,87974FRT,Frant,111064FTN,Fratton,1552398FRE,Freshfield,715288FFD,Freshford,39160FML,Frimley,226258FRI,Frinton,175226FZH,Frizinghall,375240FRD,Frodsham,134728FRO,Frome,152240FLW,Fulwell,461212FNV,Furness Vale,20736FZP,Furze Platt,155932GNB,Gainsborough Central,1128GBL,Gainsborough Lea Road,150154GCH,Garelochhead,5682GRF,Garforth,610994GGV,Gargrave,21478GAR,Garrowhill,557822GRS,Garscadden,253682GSD,Garsdale,15136GSN,Garston (Hertfordshire),95582GSW,Garswood,302946GRH,Gartcosh,142028GMG,Garth (Mid-Glamorgan),19152GTH,Garth (Powys),1256GVE,Garve,5384GST,Gathurst,92622GTY,Gatley,291318GTW,Gatwick Airport,15353056GGJ,Georgemas Junction,1906GER,Gerrards Cross,1270668GDP,Gidea Park,2587142GFN,Giffnock,354770GIG,Giggleswick,12158GBD,Gilberdyke,50004GFF,Gilfach Fargoed,3456GIL,Gillingham (Dorset),408466GLM,Gillingham (Kent),2408408GSC,Gilshochill,98900GIP,Gipsy Hill,1943522GIR,Girvan,134072GLS,Glaisdale,11194GCW,Glan Conwy,3288GLC,Glasgow Central,27185020GLQ,Glasgow Queen Street,16452000GLH,Glasshoughton,180166GLZ,Glazebrook,49524GLE,Gleneagles,43602GLF,Glenfinnan,8246GLG,Glengarnock,303716GLT,Glenrothes with Thornton,60906GLO,Glossop,898836GCR,Gloucester,1303750GLY,Glynde,67186GOB,Gobowen,214074GOD,Godalming,1317750GDL,Godley,69814GDN,Godstone,77018GOE,Goldthorpe,53798GOF,Golf Street,112GOL,Golspie,7550GOM,Gomshall,59290GMY,Goodmayes,2389588GOO,Goole,272844GTR,Goostrey,36762GDH,Gordon Hill,1116888GOR,Goring & Streatley,387896GBS,Goring-By-Sea,549098GTO,Gorton,128666GPO,Gospel Oak,2755214GRK,Gourock,469998GWN,Gowerton,84244GOX,Goxhill,19976GPK,Grange Park,339728GOS,Grange-Over-Sands,148196GTN,Grangetown (South Glamorgan),169950GRA,Grantham,1152280GRT,Grateley,237082GVH,Gravelly Hill,630990GRV,Gravesend,2646234GRY,Grays,3091184GTA,Great Ayton,5738GRB,Great Bentley,66450GRC,Great Chesterford,110484GCT,Great Coates,9370GMV,Great Malvern,514778GMN,Great Missenden,541878GYM,Great Yarmouth,461574GNL,Green Lane,665448GNR,Green Road,7340GBK,Greenbank,172340GRL,Greenfaulds,122948GNF,Greenfield,331068GFD,Greenford,190658GNH,Greenhithe,1177782GKC,Greenock Central,398438GKW,Greenock West,561564GNW,Greenwich,3545314GEA,Gretna Green,37414GMD,Grimsby Docks,3994GMB,Grimsby Town,438522GRN,Grindleford,55324GMT,Grosmont,16376GRP,Grove Park,1948604GUI,Guide Bridge,254200GLD,Guildford,7956512GSY,Guiseley,1134560GUN,Gunnersbury,2068130GSL,Gunnislake,52108GNT,Gunton,18400GWE,Gwersyllt,37386GYP,Gypsy Lane,21900HAB,Habrough,32222HCB,Hackbridge,890318HKC,Hackney Central,4481420HAC,Hackney Downs,1809330HKW,Hackney Wick,1306984HDM,Haddenham & Thame Parkway,675564HAD,Haddiscoe,9662HDF,Hadfield,393092HDW,Hadley Wood,381610HGF,Hag Fold,56600HGG,Haggerston,1547454HAG,Hagley,466472HMY,Hairmyres,569386HAL,Hale,163718HAS,Halesworth,84350HED,Halewood,96738HFX,Halifax,1911150HLG,Hall Green,353978HID,Hall I' Th' Wood,128316HLR,Hall Road,240056HAI,Halling,45124HWH,Haltwhistle,70934HMT,Ham Street,93470HME,Hamble,126072HNC,Hamilton Central,892228HNW,Hamilton West,885286HMM,Hammerton,25152HMD,Hampden Park,573636HDH,Hampstead Heath,2717884HMP,Hampton,1179728HMC,Hampton Court,2238296HMW,Hampton Wick,903950HIA,Hampton-In-Arden,122456HSD,Hamstead,241154HAM,Hamworthy,147356HND,Handborough,172684HTH,Handforth,241086HAN,Hanwell,427810HPN,Hapton,19800HRL,Harlech,115582HDN,Harlesden,896282HRD,Harling Road,3592HLN,Harlington,319816HWM,Harlow Mill,187200HWN,Harlow Town,1689924HRO,Harold Wood,2857572HPD,Harpenden,3126064HRM,Harrietsham,75270HGY,Harringay,1122634HRY,Harringay Green Lanes,955660HRR,Harrington,24740HGT,Harrogate,1361466HRW,Harrow & Wealdstone,2673358HOH,Harrow-On-The-Hill,1410622HTF,Hartford,218576HBY,Hartlebury,25646HPL,Hartlepool,533212HTW,Hartwood,17418HPQ,Harwich International,89844HWC,Harwich Town,156344HSL,Haslemere,1700848HSK,Hassocks,1273332HGS,Hastings,2019092HTE,Hatch End,852540HAT,Hatfield,2095066HFS,Hatfield & Stainforth,103018HAP,Hatfield Peverel,399602HSG,Hathersage,60650HTY,Hattersley,55000HTN,Hatton,40080HAV,Havant,2152396HVN,Havenhouse,226HVF,Haverfordwest,141576HWD,Hawarden,38156HWB,Hawarden Bridge,5422HKH,Hawkhead,138708HDB,Haydon Bridge,35000HYR,Haydons Road,456246HAY,Hayes & Harlington,2650556HYS,Hayes (Kent),1155704HYL,Hayle,88704HYM,Haymarket,2030300HHE,Haywards Heath,4339228HAZ,Hazel Grove,624564HCN,Headcorn,595372HDY,Headingley,337104HDL,Headstone Lane,503248HDG,Heald Green,481282HLI,Healing,11604HHL,Heath High Level,351006HLL,Heath Low Level,42154HTC,Heaton Chapel,654224HBD,Hebden Bridge,735560HEC,Heckington,66618HDE,Hedge End,472302HNF,Hednesford,170282HEI,Heighington,12938HLC,Helensburgh Central,1192148HLU,Helensburgh Upper,14072HLD,Hellifield,24880HMS,Helmsdale,5828HSB,Helsby,83952HML,Hemel Hempstead,1876536HEN,Hendon,982518HNG,Hengoed,127184HNL,Henley-In-Arden,109964HOT,Henley-On-Thames,727994HEL,Hensall,272HFD,Hereford,1085918HNB,Herne Bay,773498HNH,Herne Hill,2918610HER,Hersham,748752HFE,Hertford East,774546.5772HFN,Hertford North,1338227.423HES,Hessle,36352HSW,Heswall,51820HEV,Hever,35698HEW,Heworth,15318HEX,Hexham,381374HYD,Heyford,31092HHB,Heysham Harbour,8310HIB,High Brooms,1084290HST,High Street,551432HWY,High Wycombe,2473002HGM,Higham,183500HIP,Highams Park,1664538HIG,Highbridge & Burnham,160268HHY,Highbury & Islington,14695098HTO,Hightown,381300HLB,Hildenborough,588806HLF,Hillfoot,318386HLE,Hillington East,216196HLW,Hillington West,280154HIL,Hillside,551928HLS,Hilsea,287638HYW,Hinchley Wood,371042HNK,Hinckley,281188HIN,Hindley,365912HNA,Hinton Admiral,158770HIT,Hitchin,2764232HGR,Hither Green,3004984HOC,Hockley,556714HBN,Hollingbourne,38546HCH,Holmes Chapel,161408HLM,Holmwood,53082HOL,Holton Heath,44676HHD,Holyhead,237772HLY,Holytown,128160HMN,Homerton,3976488HYB,Honeybourne,47788HON,Honiton,379232HOY,Honley,50506HPA,Honor Oak Park,2412358HOK,Hook,707890HOO,Hooton,524136HPE,Hope (Clwyd),27652HOP,Hope (Derbyshire),51306HPT,Hopton Heath,2244HOR,Horley,952022HBP,Hornbeam Park,279934HRN,Hornsey,1179174HRS,Horsforth,960234HRH,Horsham,2628430HSY,Horsley,429002HIR,Horton In Ribblesdale,16176HWI,Horwich Parkway,629416HSC,Hoscar,1600HGN,Hough Green,177876HOU,Hounslow,1214906HOV,Hove,2400344HXM,Hoveton & Wroxham,119696HWW,How Wood (Hertfordshire),38078HOW,Howden,96380HOZ,Howwood,51326HOX,Hoxton,1386818HYK,Hoylake,573250HBB,Hubberts Bridge,590HKN,Hucknall,145636HUD,Huddersfield,4656700HUL,Hull,2158868HUP,Humphrey Park,24540HCT,Huncoat,17886HGD,Hungerford,317256HUB,Hunmanby,22690HUN,Huntingdon,1685132HNT,Huntly,94026HNX,Hunt's Cross,1062798HUR,Hurst Green,630134HUT,Hutton Cranswick,39410HUY,Huyton,1150454HYC,Hyde Central,69502HYT,Hyde North,43938HKM,Hykeham,34244HYN,Hyndland,1532260HYH,Hythe,112316IBM,IBM,122590IFI,Ifield,346814IFD,Ilford,6854314ILK,Ilkley,1211992IMW,Imperial Wharf,1579564INC,Ince,22200INE,Ince & Elton,460INT,Ingatestone,715974INS,Insch,107122IGD,Invergordon,34974ING,Invergowrie,2980INK,Inverkeithing,1157942INP,Inverkip,67830INV,Inverness,1213382INH,Invershin,690INR,Inverurie,451854IPS,Ipswich,3348394IRL,Irlam,240440IRV,Irvine,944328ISL,Isleworth,1126534ISP,Islip,26530IVR,Iver,186132IVY,Ivybridge,79442JEQ,Jewellery Quarter,359924JOH,Johnston (Dyfed),7216JHN,Johnstone,1322760JOR,Jordanhill,332508KSL,Kearsley,37778KSN,Kearsney,32396KEI,Keighley,1627592KEH,Keith,95002KEL,Kelvedon,812610KVD,Kelvindale,96488KEM,Kemble,356268KMH,Kempston Hardwick,5626KMP,Kempton Park,58928KMS,Kemsing,20024KML,Kemsley,124688KEN,Kendal,224590KLY,Kenley,478790KNE,Kennett,27530KNS,Kennishead,67688KNL,Kensal Green,891474KNR,Kensal Rise,2231046KPA,Kensington Olympia,5290538KTH,Kent House,835862KTN,Kentish Town,1694868KTW,Kentish Town West,1622994KNT,Kenton,1011972KBK,Kents Bank,21186KET,Kettering,1018868KWB,Kew Bridge,1101810KWG,Kew Gardens,991728KEY,Keyham,6540KYN,Keynsham,329274KDB,Kidbrooke,945308KID,Kidderminster,1511442KDG,Kidsgrove,165132KWL,Kidwelly,25270KBN,Kilburn High Road,1643084KLD,Kildale,1822KIL,Kildonan,62KGT,Kilgetty,17624KMK,Kilmarnock,603018KLM,Kilmaurs,107264KPT,Kilpatrick,118518KWN,Kilwinning,1048632KBC,Kinbrace,1090KGM,Kingham,169496KGH,Kinghorn,94644KGX,King's Cross,28454460KGL,King's Langley,668788KLN,King's Lynn,879836KNN,King's Norton,1091626KGN,King's Nympton,4482KGP,King's Park,186130KGS,King's Sutton,47970KGE,Kingsknowe,25342KNG,Kingston,5865428KND,Kingswood,320462KIN,Kingussie,40954KIT,Kintbury,76986KBX,Kirby Cross,43816KKS,Kirk Sandall,161326KIR,Kirkby (Merseyside),1750270KKB,Kirkby in Ashfield,171856KSW,Kirkby Stephen,31262KBF,Kirkby-In-Furness,16620KDY,Kirkcaldy,1000270KRK,Kirkconnel,18500KKD,Kirkdale,992908KKM,Kirkham & Wesham,246534KKH,Kirkhill,88316KKN,Kirknewton,46292KWD,Kirkwood,153192KTL,Kirton Lindsey,186KIV,Kiveton Bridge,63106KVP,Kiveton Park,53912KNA,Knaresborough,331308KBW,Knebworth,550546KNI,Knighton,24050KCK,Knockholt,366818KNO,Knottingley,141140KNU,Knucklas,4504KNF,Knutsford,454158KYL,Kyle Of Lochalsh,66828LDY,Ladybank,64238LAD,Ladywell,972784LAI,Laindon,1899308LRG,Lairg,6176LKE,Lake,71566LAK,Lakenheath,440LAM,Lamphey,3812LNK,Lanark,337896LAN,Lancaster,1850772LAC,Lancing,971730LAW,Landywood,106472LGB,Langbank,68018LHO,Langho,49710LNY,Langley,722140LGG,Langley Green,166854LGM,Langley Mill,95158LGS,Langside,223918LGW,Langwathby,24752LAG,Langwith,23320LAP,Lapford,1796LPW,Lapworth,33212LBT,Larbert,770462LAR,Largs,485948LRH,Larkhall,342704LAU,Laurencekirk,92470LWH,Lawrence Hill,124878LAY,Layton,70454LZB,Lazonby & Kirkoswald,17198LEG,Lea Green,476844LEH,Lea Hall,443472LEA,Leagrave,1757188LHM,Lealholm,11422LMS,Leamington Spa,2097938LSW,Leasowe,889718LHD,Leatherhead,2103752LED,Ledbury,185588LEE,Lee,1500244LDS,Leeds,26200916LEI,Leicester,4797294LIH,Leigh (Kent),46214LES,Leigh-On-Sea,1914168LBZ,Leighton Buzzard,1646360LEL,Lelant,2322LTS,Lelant Saltings,107780LEN,Lenham,113748LNZ,Lenzie,823038LEO,Leominster,264436LET,Letchworth,1569410LEU,Leuchars,496058LVM,Levenshulme,474572LWS,Lewes,2692228LEW,Lewisham,8191564LEY,Leyland,402286LEM,Leyton Midland Road,951730LER,Leytonstone High Road,733060LIC,Lichfield City,638438LTV,Lichfield Trent Valley,914492LID,Lidlington,26184LHS,Limehouse,3247556LCN,Lincoln Central,1609794LFD,Lingfield,472588LGD,Lingwood,46640LIN,Linlithgow,1138678LIP,Liphook,482102LSK,Liskeard,335812LIS,Liss,231136LVT,Lisvane and Thornhill,170188LTK,Little Kimble,6696LTT,Little Sutton,94718LTL,Littleborough,376934LIT,Littlehampton,1037326LVN,Littlehaven,355156LTP,Littleport,206596LVC,Liverpool Central,13522391.2LVJ,Liverpool James Street,2846819.2LIV,Liverpool Lime Street,13166538.8LSP,Liverpool South Parkway,740414LST,Liverpool Street,58448814LSN,Livingston North,924290LVG,Livingston South,287704LLA,Llanaber,3928LBR,Llanbedr,10020LLT,Llanbister Road,1596LNB,Llanbradach,127292LLN,Llandaf,417850LDN,Llandanwg,5466LLC,Llandecwyn,998LLL,Llandeilo,16368LLV,Llandovery,17628LLO,Llandrindod,42768LLD,Llandudno,324926LLJ,Llandudno Junction,345692LLI,Llandybie,7474LLE,Llanelli,402778LLF,Llanfairfechan,12892LPG,Llanfairpwll,17926LLG,Llangadog,5558LLM,Llangammarch,2674LLH,Llangennech,2008LGO,Llangynllo,958LLR,Llanharan,139964LTH,Llanhilleth,76308LLS,Llanishen,203872LWR,Llanrwst,17614LAS,Llansamlet,34008LWM,Llantwit Major,293824LNR,Llanwrda,2210LNW,Llanwrtyd,8876LLW,Llwyngwril,38678LLY,Llwynypia,55688LHA,Loch Awe,2726LHE,Loch Eil Outward Bound,578LCL,Lochailort,2830LCS,Locheilside,488LCG,Lochgelly,61740LCC,Lochluichart,400LHW,Lochwinnoch,106038LOC,Lockerbie,173882LCK,Lockwood,50148LBG,London Bridge,53351116LOF,London Fields,496262LRB,London Road Brighton,497142LON,London Road Guildford,516810LBK,Long Buckby,251220LGE,Long Eaton,585224LPR,Long Preston,13644LGK,Longbeck,40010LOB,Longbridge,743184LNG,Longcross,5086LGF,Longfield,531536LND,Longniddry,177840LPT,Longport,37228LGN,Longton,58188LOO,Looe,106462LTG,Lostock Gralam,31380LOH,Lostock Hall,38600LOT,Lostock Parkway,268914LOS,Lostwithiel,76922LBO,Loughborough,1245736LGJ,Loughborough Junction,1182914LOW,Lowdham,44660LSY,Lower Sydenham,465434LWT,Lowestoft,459166LUD,Ludlow,297798LUT,Luton,3443910LTN,Luton Airport Parkway,2504794LUX,Luxulyan,1428LYD,Lydney,158702LYE,Lye,82488LYP,Lymington Pier,133964LYT,Lymington Town,231454LYC,Lympstone Commando,39038LYM,Lympstone Village,95084LTM,Lytham,86414MAC,Macclesfield,1341292MCN,Machynlleth,130358MST,Maesteg,170660MEW,Maesteg (Ewenny Road),2706MAG,Maghull,1745454MDN,Maiden Newton,21242MAI,Maidenhead,4125274MDB,Maidstone Barracks,267764.6287MDE,Maidstone East,1343899.889MDW,Maidstone West,834293.4824MAL,Malden Manor,602054MLG,Mallaig,82914MLT,Malton,295206MVL,Malvern Link,278592MIA,Manchester Airport,3136816MCO,Manchester Oxford Road,7148695.946MAN,Manchester Piccadilly,23158476.9MCV,Manchester Victoria,6851174.792MNE,Manea,2898MNG,Manningtree,1093178MNP,Manor Park,1659972MNR,Manor Road,338362MRB,Manorbier,7582MAS,Manors,3872MFT,Mansfield Town,349810MSW,Mansfield Woodhouse,155792MCH,March,350246MRN,Marden,442658MAR,Margate,619974MHR,Market Harborough,764698MKR,Market Rasen,61092MNC,Markinch,260084MKT,Marks Tey,473162MLW,Marlow,285924MPL,Marple,437926MSN,Marsden,166910MSK,Marske,79080MGN,Marston Green,582546MTM,Martin Mill,30254MAO,Martins Heron,538238MTO,Marton,9862MYH,Maryhill,83290MYL,Maryland,699584MYB,Marylebone,14685148MRY,Maryport,103260MAT,Matlock,175942MTB,Matlock Bath,54646MAU,Mauldeth Road,343080MAX,Maxwell Park,153830MAY,Maybole,70902MZH,Maze Hill,935000MHS,Meadowhall,2124738MEL,Meldreth,221774MKM,Melksham,12080MES,Melton,63196MMO,Melton Mowbray,233334MEN,Menheniot,2324MNN,Menston,578356MEO,Meols,587114MEC,Meols Cop,63722MEP,Meopham,300076MEY,Merryton,113088MHM,Merstham,725890MER,Merthyr Tydfil,481696MEV,Merthyr Vale,46934MGM,Metheringham,102224MCE,MetroCentre,374860MEX,Mexborough,312454MIC,Micheldever,141890MIK,Micklefield,179054MBR,Middlesbrough,1364250MDL,Middlewood,27572MDG,Midgham,33902MLF,Milford (Surrey),239032MFH,Milford Haven,62812MLH,Mill Hill (Lancashire),68922MIL,Mill Hill Broadway,2040214MLB,Millbrook (Bedfordshire),14736MBK,Millbrook (Hampshire),31850MIN,Milliken Park,169448MLM,Millom,218718MIH,Mills Hill,326962MLN,Milngavie,927382MKC,Milton Keynes Central,6029828MFF,Minffordd,14252MSR,Minster,63156MIR,Mirfield,393088MIS,Mistley,59548MTC,Mitcham Eastfields,751076MIJ,Mitcham Junction,399704MOB,Mobberley,18820MON,Monifieth,2570MRS,Monks Risborough,20520MTP,Montpelier,126316MTS,Montrose,390140MRF,Moorfields,6049490.8MOG,Moorgate,7997460MSD,Moorside,38688MRP,Moorthorpe,226610MRR,Morar,4800MRD,Morchard Road,11494MDS,Morden South,87638MCM,Morecambe,209108MTN,Moreton (Dorset),62662MRT,Moreton (Merseyside),675514MIM,Moreton-In-Marsh,209238MFA,Morfa Mawddach,10902MLY,Morley,304066MPT,Morpeth,285052MOR,Mortimer,189900MTL,Mortlake,2130920MSS,Moses Gate,25978MOS,Moss Side,2458MSL,Mossley (Greater Manchester),302910MSH,Mossley Hill,289712MPK,Mosspark,116002MSO,Moston,134966MTH,Motherwell,1292518MOT,Motspur Park,1273788MTG,Mottingham,1102460MLD,Mouldsworth,31870MCB,Moulsecoomb,407150MFL,Mount Florida,1080890MTA,Mountain Ash,96686MTV,Mt. Vernon,63266MOO,Muir Of Ord,74064MUI,Muirend,350140MUB,Musselburgh,420834MYT,Mytholmroyd,158436NFN,Nafferton,34624NLS,Nailsea & Backwell,421892NRN,Nairn,112014NAN,Nantwich,141782NAR,Narberth,19622NBR,Narborough,370658NVR,Navigation Road,85890NTH,Neath,806264NMT,Needham Market,85078NEI,Neilston,439950NEL,Nelson,139094NES,Neston,48476NET,Netherfield,6682NRT,Nethertown,1028NTL,Netley,102072NBA,New Barnet,1154218NBC,New Beckenham,800594NBN,New Brighton,1005344NCE,New Clee,290NWX,New Cross,2480054NXG,New Cross Gate,4368856NCK,New Cumnock,28520NEH,New Eltham,2370770NHL,New Holland,20672NHE,New Hythe,89712NLN,New Lane,3312NEM,New Malden,3403912NMC,New Mills Central,213648NMN,New Mills Newtown,215972NWM,New Milton,612258NPD,New Pudsey,733218NSG,New Southgate,639812NCT,Newark Castle,237509.4764NNG,Newark North Gate,1179490.524NBE,Newbridge,133672NBY,Newbury,1628370NRC,Newbury Racecourse,82370NCL,Newcastle,7808258NEW,Newcraighall,206930NVH,Newhaven Harbour,44212NVN,Newhaven Town,318664NGT,Newington,127962NMK,Newmarket,268696NWE,Newport (Essex),208416NWP,Newport (Gwent),2250258NQY,Newquay,104504NSD,Newstead,30872NTN,Newton,523554NTA,Newton Abbot,1102732NAY,Newton Aycliffe,67286NWN,Newton For Hyde,186504NTC,Newton St.Cyres,2252NLW,Newton-Le-Willows,670938NWR,Newtonmore,8958NOA,Newton-On-Ayr,44316NWT,Newtown,123578NNP,Ninian Park,82964NIT,Nitshill,95430NBT,Norbiton,2514244NRB,Norbury,3204748NSB,Normans Bay,9824NOR,Normanton,239872NBW,North Berwick,489680NCM,North Camp,386068NDL,North Dulwich,839378NLR,North Llanrwst,1966NQU,North Queensferry,137604NRD,North Road,32896NSH,North Sheen,416000NWA,North Walsham,242386NWB,North Wembley,651858NTR,Northallerton,588160NMP,Northampton,2779960NFD,Northfield,738724NFL,Northfleet,71012NLT,Northolt Park,187810NUM,Northumberland Park,415526NWI,Northwich,204146NRW,Norwich,4126012NWD,Norwood Junction,3544748NOT,Nottingham,6450702NUN,Nuneaton,1040998NHD,Nunhead,1082502NNT,Nunthorpe,22600NUT,Nutbourne,68704NUF,Nutfield,117220OKN,Oakengates,53154OKM,Oakham,203668OKL,Oakleigh Park,972080OBN,Oban,122568OCK,Ockendon,677570OLY,Ockley,45430OKE,Okehampton,3438OHL,Old Hill,165406ORN,Old Roan,748070OLD,Old Street,1396260OLF,Oldfield Park,281622OLT,Olton,381112ORE,Ore,130782OMS,Ormskirk,727620ORP,Orpington,5238978ORR,Orrell,116540OPK,Orrell Park,1088622OTF,Otford,367646OUN,Oulton Broad North,126064OUS,Oulton Broad South,28030OUT,Outwood,326082OVE,Overpool,99600OVR,Overton,176938OXN,Oxenholme Lake District,421422OXF,Oxford,6309582OXS,Oxshott,471084OXT,Oxted,1579908PAD,Paddington,34143220PDW,Paddock Wood,1129994PDG,Padgate,94002PGN,Paignton,571558PCN,Paisley Canal,218480PYG,Paisley Gilmour Street,3745156PYJ,Paisley St.James,54208PAL,Palmers Green,1679652PAN,Pangbourne,409412PNL,Pannal,130258PTF,Pantyffynnon,4388PAR,Par,193818PBL,Parbold,111864PKT,Park Street,35618PKS,Parkstone,204614PSN,Parson Street,87932PTK,Partick,2590924PRN,Parton,6366PWY,Patchway,82198PAT,Patricroft,42946PTT,Patterton,416236PEA,Peartree,3234PMR,Peckham Rye,3670114PEG,Pegswood,1650PEM,Pemberton,70346PBY,Pembrey & Burry Port,133676PMB,Pembroke,29868PMD,Pembroke Dock,47686PNA,Penally,5136PEN,Penarth,611822PCD,Pencoed,225396PGM,Pengam,448000PNE,Penge East,1337416PNW,Penge West,506666PHG,Penhelig,9228PNS,Penistone,142014PKG,Penkridge,191984PMW,Penmaenmawr,13834PNM,Penmere,184748PER,Penrhiwceiber,51632PRH,Penrhyndeudraeth,49240PNR,Penrith,429500PYN,Penryn,230112PES,Pensarn,2362PHR,Penshurst,45578PTB,Pentre-Bach,21756PNY,Pen-Y-Bont,1444PNF,Penyffordd,21212PNZ,Penzance,562992PRW,Perranwell,27478PRY,Perry Barr,644300PSH,Pershore,89546PTH,Perth,975364PBO,Peterborough,4290598PTR,Petersfield,1299358PET,Petts Wood,2058658PEV,Pevensey & Westham,150510PEB,Pevensey Bay,5214PEW,Pewsey,203686PIL,Pilning,130PIN,Pinhoe,52512PIT,Pitlochry,98340PSE,Pitsea,1082468PLS,Pleasington,9490PLK,Plockton,12886PLC,Pluckley,112060PLM,Plumley,25420PMP,Plumpton,138116PLU,Plumstead,1435198PLY,Plymouth,2579316POK,Pokesdown,299126PLG,Polegate,974850PSW,Polesworth,722PWE,Pollokshaws East,310280PWW,Pollokshaws West,123276PLE,Pollokshields East,341074PLW,Pollokshields West,181384PMT,Polmont,695318POL,Polsloe Bridge,104168PON,Ponders End,344498PTD,Pontarddulais,4404PFR,Pontefract Baghill,5252PFM,Pontefract Monkhill,230978POT,Pontefract Tanshelf,39580PLT,Pontlottyn,20346PYC,Pontyclun,256302PYP,Pont-y-Pant,1704PPL,Pontypool and New Inn,54878PPD,Pontypridd,878656POO,Poole,1185744POP,Poppleton,66966PTG,Port Glasgow,477300PSL,Port Sunlight,670708PTA,Port Talbot Parkway,514434PTC,Portchester,364038POR,Porth,302886PTM,Porthmadog,76428PLN,Portlethen,28000PLD,Portslade,1061318PMS,Portsmouth & Southsea,1965323.599PMA,Portsmouth Arms,694PMH,Portsmouth Harbour,2197072.401PPK,Possilpark & Parkhouse,123788PBR,Potters Bar,1726394PFY,Poulton-Le-Fylde,458918PYT,Poynton,196590PRS,Prees,5112PSC,Prescot,457608PRT,Prestatyn,362116PRB,Prestbury,45314PRE,Preston,4436290PRP,Preston Park,410356PST,Prestonpans,237070PTW,Prestwick,346438PRA,Prestwick Internat'nl Airport,343782PTL,Priesthill & Darnley,125140PRR,Princes Risborough,547262PRL,Prittlewell,160930PRU,Prudhoe,147220PUL,Pulborough,424900PFL,Purfleet,486784PUR,Purley,2917722PUO,Purley Oaks,607284PUT,Putney,11123774PWL,Pwllheli,44520PYL,Pyle,104166QYD,Quaker's Yard,71726QBR,Queenborough,120008QPK,Queen's Park (Glasgow),596014QPW,Queen's Park (Gt London),4102426QRP,Queen's Road Peckham,1170518QRB,Queenstown Road (Battersea),1441132QUI,Quintrel Downs,814RDF,Radcliffe (Nottinghamshire),8658RDT,Radlett,1109720RAD,Radley,114766RDR,Radyr,462160RNF,Rainford,51414RNM,Rainham (Essex),1624594RAI,Rainham (Kent),1693230RNH,Rainhill,449672RAM,Ramsgate,1062606RGW,Ramsgreave & Wilpshire,109780RAN,Rannoch For Kinloch Rannoch,8266RAU,Rauceby,2350RAV,Ravenglass,33546RVB,Ravensbourne,158760RVN,Ravensthorpe,30968RWC,Rawcliffe,170RLG,Rayleigh,978788RAY,Raynes Park,4369770RDG,Reading,15412998RDW,Reading West,573490REC,Rectory Road,786048RDB,Redbridge,33010RCC,Redcar Central,365266RCE,Redcar East,144520RDN,Reddish North,164598RDS,Reddish South,122RDC,Redditch,892868RDH,Redhill,3629342RDA,Redland,94984RED,Redruth,338140RHM,Reedham (Greater London),265000REE,Reedham (Norfolk),46112REI,Reigate,1553932RTN,Renton,104954RET,Retford,418014RHI,Rhiwbina,30330RIA,Rhoose (Cardiff Int Airpt),184468RHO,Rhosneigr,16494RHL,Rhyl,612004RHY,Rhymney,186334RHD,Ribblehead,18636RIL,Rice Lane,281026RMD,Richmond,9093160RIC,Rickmansworth,733604RDD,Riddlesdown,360960RID,Ridgmont,24816RDM,Riding Mill,26374RCA,Risca and Pontymister,100236RIS,Rishton,57658RBR,Robertsbridge,267276ROB,Roby,314266RCD,Rochdale,1118236ROC,Roche,1700RTR,Rochester,1161712RFD,Rochford,424448RFY,Rock Ferry,975912ROG,Rogart,1662ROR,Rogerstone,101366ROL,Rolleston,3586RMB,Roman Bridge,842RMF,Romford,7445556RML,Romiley,295906ROM,Romsey,458714ROO,Roose,38240RSG,Rose Grove,42078RSH,Rose Hill (Marple),136116ROS,Rosyth,279790RMC,Rotherham Central,711724ROE,Rotherhithe,1048310RNR,Roughton Road,13052RLN,Rowland's Castle,102276ROW,Rowley Regis,832882RYB,Roy Bridge,4270RYN,Roydon,127166RYS,Royston,1229092RUA,Ruabon,93796RUF,Rufford,19978RUG,Rugby,1823162RGT,Rugeley Town,138986RGL,Rugeley Trent Valley,117302RUN,Runcorn,678996RUE,Runcorn East,154968RKT,Ruskington,85204RUS,Ruswarp,2946RUT,Rutherglen,977418RYD,Ryde Esplanade,328366RYP,Ryde Pier Head,217272RYR,Ryde St.John's Road,229450RRB,Ryder Brow,30414RYE,Rye,392730RYH,Rye House,384006SFD,Salford,320864SLD,Salford Crescent,1141546SAF,Salfords,134858SAH,Salhouse,8412SAL,Salisbury,1856882SAE,Saltaire,787672STS,Saltash,77288SLB,Saltburn,253520SLT,Saltcoats,398052SAM,Saltmarshe,4280SLW,Salwick,2222SMC,Sampford Courtenay,150SNA,Sandal And Agbrigg,241116SDB,Sandbach,166788SNR,Sanderstead,1050188SDL,Sandhills,471804SND,Sandhurst,148160SDG,Sandling,106948SAN,Sandown,273118SDP,Sandplace,1486SAD,Sandwell & Dudley,736508SDW,Sandwich,260950SDY,Sandy,456216SNK,Sankey For Penketh,111822SQH,Sanquhar,28200SRR,Sarn,50712SDF,Saundersfoot,7730SDR,Saunderton,50614SAW,Sawbridgeworth,490442SXY,Saxilby,55916SAX,Saxmundham,132418SCA,Scarborough,880202SCT,Scotscalder,460SCH,Scotstounhill,430276SCU,Scunthorpe,381094SML,Sea Mills,58310SEF,Seaford,761888SFL,Seaforth & Litherland,684324SEA,Seaham,123440SEM,Seamer,101050SSC,Seascale,32840SEC,Seaton Carew,46550SRG,Seer Green,137962SBY,Selby,496558SRS,Selhurst,1402008SEL,Sellafield,236160SEG,Selling,52552SLY,Selly Oak,2277504SET,Settle,130032SVK,Seven Kings,2112832SVS,Seven Sisters,3426108SEV,Sevenoaks,4023252SVB,Severn Beach,167078STJ,Severn Tunnel Junction,205814SDE,Shadwell,2028742SFR,Shalford,114492SHN,Shanklin,352134SHW,Shawford,155644SHL,Shawlands,152898SSS,Sheerness-On-Sea,411480SHF,Sheffield,8614946SED,Shelford,154060SNF,Shenfield,3131298SEN,Shenstone,180624SPB,Shepherds Bush,3818228SPH,Shepherd's Well,43088SPY,Shepley,69020SHP,Shepperton,422928STH,Shepreth,86304SHE,Sherborne,203148SIE,Sherburn-In-Elmet,38662SHM,Sheringham,190844SLS,Shettleston,703608SDM,Shieldmuir,69500SFN,Shifnal,121628SHD,Shildon,56128SHI,Shiplake,93466SHY,Shipley,1666542SPP,Shippea Hill,50SIP,Shipton,5028SHB,Shirebrook (Derbys),71774SHH,Shirehampton,50654SRO,Shireoaks,32982SRL,Shirley,318554SRY,Shoeburyness,661336SHO,Sholing,103748SDC,Shoreditch High Street,3263664SEH,Shoreham (Kent),37626SSE,Shoreham-By-Sea,1460198SRT,Shortlands,1471166SHT,Shotton,246270SHS,Shotts,203648SHR,Shrewsbury,1749732SID,Sidcup,2926464SIL,Sileby,99918SIC,Silecroft,9944SLK,Silkstone Common,31624SLV,Silver Street,715988SVR,Silverdale,45818SIN,Singer,641210SIT,Sittingbourne,1949484SKG,Skegness,335276SKE,Skewen,34848SKI,Skipton,944214SGR,Slade Green,575028SWT,Slaithwaite,185594SLA,Slateford,29630SLR,Sleaford,311490SLH,Sleights,4378SLO,Slough,5573708SMA,Small Heath,103534SAB,Smallbrook Junction,10832SGB,Smethwick Galton Bridge,516076SMR,Smethwick Rolfe Street,360904SMB,Smithy Bridge,167054SNI,Snaith,1808SDA,Snodland,185384SWO,Snowdown,10664SOR,Sole Street,56534SOL,Solihull,1556104SYT,Somerleyton,11902SAT,South Acton,660954SBK,South Bank,4704SBM,South Bermondsey,692916SCY,South Croydon,1223842SES,South Elmsall,356572SGN,South Greenford,38360SGL,South Gyle,555096SOH,South Hampstead,573020SOK,South Kenton,295276SMO,South Merton,157632SOM,South Milford,112730SRU,South Ruislip,142830STO,South Tottenham,799950SWS,South Wigston,64408STL,Southall,2222226SOA,Southampton Airport (Parkway),1539766SOU,Southampton Central,6106856SOB,Southbourne,240802SBU,Southbury,416596SEE,Southease,11634SIA,Southend Airport,340814SOC,Southend Central,1996456SOE,Southend East,1767766SOV,Southend Victoria,3640338SMN,Southminster,133818SOP,Southport,2496384SWK,Southwick,361758SOW,Sowerby Bridge,348092SPA,Spalding,166112SBR,Spean Bridge,6558SPI,Spital,310120SPO,Spondon,20102SPN,Spooner Row,264SRI,Spring Road,156988SPR,Springburn,358696SPF,Springfield,646SQU,Squires Gate,20394SAA,St.Albans Abbey,194930SAC,St.Albans City,6887912SAR,St.Andrew's Road,9910SAS,St.Annes-On-The-Sea,128088SAU,St.Austell,469074SBS,St.Bees,49186SBF,St.Budeaux Ferry Road,3822SBV,St.Budeaux Victoria Road,7918SCR,St.Columb Road,1548SDN,St.Denys,262794SER,St.Erth,206166SGM,St.Germans,52958SNH,St.Helens Central,674018SHJ,St.Helens Junction,251576SIH,St.Helier,192132SIV,St.Ives,585308SJP,St.James' Park,64984SJS,St.James' Street,801458SAJ,St.John's,714084SKN,St.Keyne,980SLQ,St.Leonards Warrior Square,655498SMG,St.Margaret's (Greater London),1719142SMT,St.Margaret's (Hertfordshire),351624SMY,St.Mary Cray,1461484STM,St.Michaels,387532SNO,St.Neots,1181134STP,St.Pancras,24298276STA,Stafford,1928964SNS,Staines,2825096SLL,Stallingborough,11358SYB,Stalybridge,1028260SMD,Stamford,314226SMH,Stamford Hill,374466SFO,Stanford-Le-Hope,992742SNT,Stanlow & Thornton,260SSD,Stansted Airport,3692934SST,Stansted Mountfitchet,485210SPU,Staplehurst,863280SRD,Stapleton Road,140390SBE,Starbeck,167100SCS,Starcross,107060SVL,Staveley (Cumbria),47894SCF,Stechford,367518SON,Steeton & Silsden,787810SPS,Stepps,305614SVG,Stevenage,4338702STV,Stevenston,121436SWR,Stewartby,14696STT,Stewarton,332304STG,Stirling,2238146SPT,Stockport,3367276SKS,Stocksfield,61432SSM,Stocksmoor,21232STK,Stockton,68656SKM,Stoke Mandeville,288208SKW,Stoke Newington,858572SOT,Stoke-On-Trent,2528380SNE,Stone,94784SCG,Stone Crossing,140312SBP,Stonebridge Park,973478SOG,Stonegate,137920STN,Stonehaven,510412SHU,Stonehouse,146856SNL,Stoneleigh,1164786SBJ,Stourbridge Junction,1216428SBT,Stourbridge Town,479516SMK,Stowmarket,927856STR,Stranraer,45292SRA,Stratford,25564250SFA,Stratford International,957964SAV,Stratford-Upon-Avon,898436STC,Strathcarron,9304STW,Strawberry Hill,1045528STE,Streatham,2396904SRC,Streatham Common,3668806SRH,Streatham Hill,2661068SHC,Streethouse,30746SRN,Strines,21112STF,Stromeferry,2074SOO,Strood,1110912STD,Stroud,485428STU,Sturry,69062SYA,Styal,3660SUY,Sudbury,326340SUD,Sudbury & Harrow Road,18050SDH,Sudbury Hill Harrow,51376SUG,Sugar Loaf,144SUM,Summerston,156810SUU,Sunbury,404602SUN,Sunderland,816546SUP,Sundridge Park,274974SNG,Sunningdale,686458SNY,Sunnymeads,38864SUR,Surbiton,9030624SQE,Surrey Quays,2044336SUO,Sutton (Surrey),6353196SUT,Sutton Coldfield,1368220SUC,Sutton Common,323266SPK,Sutton Parkway,147028SWL,Swale,3372SAY,Swanley,1197484SWM,Swanscombe,128126SWA,Swansea,2162128SNW,Swanwick,631824SWY,Sway,106702SWG,Swaythling,114594SWD,Swinderby,20482SWI,Swindon,3220180SWE,Swineshead,3192SNN,Swinton (Greater Manchester),138058SWN,Swinton (South Yorkshire),400702SYD,Sydenham,3190706SYH,Sydenham Hill,585176SYL,Syon Lane,974632SYS,Syston,165898TAC,Tackley,20934TAD,Tadworth,260744TAF,Taffs Well,313570TAI,Tain,34016TAL,Talsarnau,9942TLB,Talybont,20374TLC,Tal-y-Cafn,1666TAB,Tame Bridge Parkway,503394TAM,Tamworth Low Level,962762TAP,Taplow,239116TAT,Tattenham Corner,292810TAU,Taunton,1289276TAY,Taynuilt,12980TED,Teddington,2439604TEA,Tees-Side Airport,8TGM,Teignmouth,592412TFC,Telford Central,1034156TMC,Templecombe,106750TEN,Tenby,108878TEY,Teynham,106642THD,Thames Ditton,857930THA,Thatcham,532882THH,Thatto Heath,143826THW,The Hawthorns,405526TLK,The Lakes,11564THE,Theale,472426TEO,Theobalds Grove,234874TTF,Thetford,287024THI,Thirsk,190718TBY,Thornaby,570986TNN,Thorne North,146856TNS,Thorne South,129736THO,Thornford,3042THB,Thornliebank,223368TNA,Thornton Abbey,954TTH,Thornton Heath,2970480THT,Thorntonhall,21624TPB,Thorpe Bay,797942TPC,Thorpe Culvert,352TLS,Thorpe-le-Soken,121300TBD,Three Bridges,3005312TOK,Three Oaks,5438THU,Thurgarton,2314THC,Thurnscoe,65996THS,Thurso,46024TRS,Thurston,64082TIL,Tilbury Town,831822THL,Tile Hill,450464TLH,Tilehurst,501120TIP,Tipton,241592TIR,Tir-Phil,22900TIS,Tisbury,224508TVP,Tiverton Parkway,412922TOD,Todmorden,541770TOL,Tolworth,543910TPN,Ton Pentre,46488TON,Tonbridge,4100552TDU,Tondu,41220TNF,Tonfanau,2240TNP,Tonypandy,88770TOO,Tooting,1083328TOP,Topsham,221050TQY,Torquay,428436TRR,Torre,234206TOT,Totnes,662822TOM,Tottenham Hale,4543876TTN,Totton,300266TWN,Town Green,141760TRA,Trafford Park,39408TRF,Trefforest,834386TRE,Trefforest Estate,108410TRH,Trehafod,31874TRB,Treherbert,529676TRY,Treorchy,76870TRM,Trimley,40164TRI,Tring,767362TRD,Troed-Y-Rhiw,34662TRN,Troon,655828TRO,Trowbridge,790030TRU,Truro,1265284TUL,Tulloch,2124TUH,Tulse Hill,2145064TBW,Tunbridge Wells,3481480TUR,Turkey Street,471816TUT,Tutbury & Hatton,53442TWI,Twickenham,5565466TWY,Twyford,1347178TYC,Ty Croes,4066TGS,Ty Glas,117258TYG,Tygwyn,1938TYL,Tyndrum Lower,3928TYS,Tyseley,193212TYW,Tywyn,109278UCK,Uckfield,538168UDD,Uddingston,784600ULC,Ulceby,9410ULL,Ulleskelf,6420ULV,Ulverston,273042UMB,Umberleigh,31454UNI,University,2635676UHA,Uphall,431242UPL,Upholland,24030UPM,Upminster,4393238UPH,Upper Halliford,130920UHL,Upper Holloway,900538UTY,Upper Tyndrum,3396UWL,Upper Warlingham,855268UPT,Upton,23750UPW,Upwey,47614URM,Urmston,275086UTT,Uttoxeter,140774VAL,Valley,17968VXH,Vauxhall,19065534VIC,Victoria,77346676VIR,Virginia Water,567500WDO,Waddon,615890WAD,Wadhurst,405074WFL,Wainfleet,42548WKK,Wakefield Kirkgate,488288.8228WKF,Wakefield Westgate,2266915.177WKD,Walkden,322590WLG,Wallasey Grove Road,433752WLV,Wallasey Village,347192WLT,Wallington,2072482WAF,Wallyford,255810WAM,Walmer,193668WSL,Walsall,1239442WDN,Walsden,101616WLC,Waltham Cross,703802WHC,Walthamstow Central,2778362WMW,Walthamstow Queens Road,405656WAO,Walton (Merseyside),141182WON,Walton-On-Naze,117288WAL,Walton-On-Thames,2710168WAN,Wanborough,105620WSW,Wandsworth Common,1706724WWR,Wandsworth Road,312730WNT,Wandsworth Town,3639378WNP,Wanstead Park,627170WPE,Wapping,1270984WBL,Warblington,29770WAR,Ware,970726WRM,Wareham,350946WGV,Wargrave,91298WMN,Warminster,355000WNH,Warnham,15656WBQ,Warrington Bank Quay,923214WAC,Warrington Central,1592958WRW,Warwick,522856WRP,Warwick Parkway,582598WTO,Water Orton,39718WBC,Waterbeach,335660WTR,Wateringbury,50472WAT,Waterloo,95936542WAE,Waterloo (East),6793930WLO,Waterloo (Merseyside),856588WFH,Watford High Street,1066394WFJ,Watford Junction,6092378WFN,Watford North,106310WTG,Watlington,137874WAS,Watton-At-Stone,140786WNG,Waun-gron Park,51170WAV,Wavertree Technology Park,342324WEE,Weeley,23244WET,Weeton,61378WMG,Welham Green,191316WLI,Welling,2377728WEL,Wellingborough,928566WLN,Wellington,558436WLP,Welshpool,117254WGC,Welwyn Garden City,2629412WLW,Welwyn North,525054WEM,Wem,93268WMB,Wembley Central,2522958WCX,Wembley Stadium,468222WMS,Wemyss Bay,209532WND,Wendover,434952WNN,Wennington,2948WSA,West Allerton,45966WBP,West Brompton,2501626WBY,West Byfleet,1269760WCL,West Calder,118164WCY,West Croydon,4300582WDT,West Drayton,1888888WDU,West Dulwich,949754WEA,West Ealing,1170790WEH,West Ham,4056878WHD,West Hampstead,3674166WHP,West Hampstead Thameslink,2817070WHR,West Horndon,350210WKB,West Kilbride,193762WKI,West Kirby,689866WMA,West Malling,753626WNW,West Norwood,2073698WRU,West Ruislip,344006WRN,West Runton,25124WLD,West St Leonards,76864WSU,West Sutton,301178WWI,West Wickham,942750WWO,West Worthing,708350WSB,Westbury,467122WCF,Westcliff,949872WCB,Westcombe Park,1005456WHA,Westenhanger,68998WTA,Wester Hailes,35766WFI,Westerfield,13282WES,Westerton,775164WGA,Westgate-On-Sea,168710WHG,Westhoughton,217910WNM,Weston Milton,48008WSM,Weston-Super-Mare,1037172WRL,Wetheral,18204WYB,Weybridge,2391140WEY,Weymouth,816536WBR,Whaley Bridge,110822WHE,Whalley,90048WTS,Whatstandwell,26572WFF,Whifflet,257386WHM,Whimple,65942WNL,Whinhill,45272WHN,Whiston,222814WTB,Whitby,107940WCH,Whitchurch (Hampshire),252570WTC,Whitchurch (Salop),106228WHT,Whitchurch (South Glamorgan),8118WHL,White Hart Lane,778020WNY,White Notley,11718WCA,Whitechapel,4450390WCR,Whitecraigs,288510WTH,Whitehaven,251232WTL,Whitland,55932WBD,Whitley Bridge,1270WTE,Whitlock's End,108260WHI,Whitstable,753450WLE,Whittlesea,23494WLF,Whittlesford,396622WTN,Whitton,1325308WWL,Whitwell (Derbys),20944WHY,Whyteleafe,295946WHS,Whyteleafe South,135538WCK,Wick,22788WIC,Wickford,2163430WCM,Wickham Market,38900WDD,Widdrington,3630WID,Widnes,374392WMR,Widney Manor,323784WGN,Wigan North Western,1071012WGW,Wigan Wallgate,1648628WGT,Wigton,56108WMI,Wildmill,12752WIJ,Willesden Junction,3651506WLM,Williamwood,245044WIL,Willington,18874WMC,Wilmcote,19478WML,Wilmslow,1140524WNE,Wilnecote,73484WIM,Wimbledon,18902016WBO,Wimbledon Chase,389586WSE,Winchelsea,6798WIN,Winchester,4578712WNF,Winchfield,324898WIH,Winchmore Hill,1422826WDM,Windermere,374686WNC,Windsor & Eton Central,1848816WNR,Windsor & Eton Riverside,1383156WNS,Winnersh,469250WTI,Winnersh Triangle,430720WSF,Winsford,167716WSH,Wishaw,399314WTM,Witham,2244774WTY,Witley,249178WTT,Witton,253956WVF,Wivelsfield,496128WIV,Wivenhoe,351316WOB,Woburn Sands,40466WOK,Woking,7462936WKM,Wokingham,2204046WOH,Woldingham,266606WVH,Wolverhampton,4207032WOL,Wolverton,362408WOM,Wombwell,203526WDE,Wood End,11688WST,Wood Street,786050WDB,Woodbridge,186486WGR,Woodgrange Park,602428WDL,Woodhall,45516WDF,Woodham Ferrers,554440WDH,Woodhouse,29192WDS,Woodlesford,292314WLY,Woodley,42594WME,Woodmansterne,365526WSR,Woodsmoor,187182WOO,Wool,186090WLS,Woolston,138432WWA,Woolwich Arsenal,3724262WWD,Woolwich Dockyard,526308WWW,Wootton Wawen,10624WOF,Worcester Foregate Street,1859984WCP,Worcester Park,2715944WOS,Worcester Shrub Hill,891844WKG,Workington,185128WRK,Worksop,450250WOR,Worle,253590WPL,Worplesdon,211556WRT,Worstead,21140WRH,Worthing,2607882WRB,Wrabness,24484WRY,Wraysbury,110238WRE,Wrenbury,11726WRS,Wressle,1488WXC,Wrexham Central,41746WRX,Wrexham General,615306WYE,Wye,145492WYM,Wylam,104282WYL,Wylde Green,492798WMD,Wymondham,168486WYT,Wythall,50792YAL,Yalding,24086YRD,Yardley Wood,363012YRM,Yarm,122432YAE,Yate,307148YAT,Yatton,398530YEO,Yeoford,13746YVJ,Yeovil Junction,197750YVP,Yeovil Pen Mill,129252YET,Yetminster,6552YNW,Ynyswen,9782YOK,Yoker,141860YRK,York,7720814YRT,Yorton,8434YSM,Ystrad Mynach,304538YSR,Ystrad Rhondda,65808